txt_n_words,txt_n_sentences,txt_avg_word_len,txt_avg_sent_len,txt_ttr,txt_mattr,txt_filler_count,txt_filler_rate,txt_repetition_count,txt_pronoun_noun_ratio,txt_verb_noun_ratio,label,id,speaker_id
82,17,3.7439024390243905,4.823529411764706,0.5853658536585366,0.7899371069182387,0,0.0,0,0.4285714081632663,0.7619047256235845,AD,001-0,001
174,36,3.8160919540229883,4.833333333333333,0.45977011494252873,0.7788505747126437,0,0.0,0,0.4081632569762601,0.6530612111620161,AD,001-2,001
360,81,3.8305555555555557,4.444444444444445,0.2916666666666667,0.6827794561933535,0,0.0,0,0.18803418642705824,0.5982905931770035,AD,003-0,003
104,25,3.9038461538461537,4.16,0.5096153846153846,0.7537777777777777,0,0.0,0,0.20588234688581333,0.5294117491349486,AD,005-0,005
206,38,3.8058252427184467,5.421052631578948,0.33980582524271846,0.6892655367231638,0,0.0,0,0.37288134961218056,0.6779660902039646,AD,005-2,005
120,18,3.875,6.666666666666667,0.5083333333333333,0.7725274725274728,0,0.0,0,0.3888888780864201,0.5833333171296301,AD,007-0,007
119,18,3.899159663865546,6.611111111111111,0.5042016806722689,0.7674074074074072,0,0.0,0,0.3888888780864201,0.5833333171296301,AD,007-1,007
223,46,4.0358744394618835,4.8478260869565215,0.4439461883408072,0.8144329896907216,0,0.0,0,0.4062499936523439,0.6406249899902345,AD,007-3,007
198,33,3.8282828282828283,6.0,0.4494949494949495,0.7607495069033531,0,0.0,0,0.3469387684298211,0.8367346768013332,AD,010-0,010
152,35,3.8684210526315788,4.3428571428571425,0.46710526315789475,0.7902439024390244,0,0.0,0,0.35416665928819463,0.479166656684028,AD,010-1,010
166,35,3.9397590361445785,4.742857142857143,0.46987951807228917,0.7635036496350365,0,0.0,0,0.36734693127863405,0.5918367226155771,AD,010-2,010
113,20,3.6194690265486726,5.65,0.5132743362831859,0.7936507936507934,0,0.0,0,0.7407407133058995,0.9629629272976693,AD,010-3,010
143,31,3.7832167832167833,4.612903225806452,0.45454545454545453,0.7289473684210526,0,0.0,0,0.2916666605902779,0.3749999921875002,AD,010-4,010
149,26,3.5033557046979866,5.730769230769231,0.44966442953020136,0.7769444444444443,0,0.0,0,1.6315788614958493,1.5789472853185638,AD,014-2,014
110,26,3.9272727272727272,4.230769230769231,0.509090909090909,0.7967078189300412,0,0.0,0,0.2368420990304711,0.578947353185596,AD,016-0,016
162,31,3.7098765432098766,5.225806451612903,0.4691358024691358,0.7829573934837093,0,0.0,0,0.4249999893750003,0.7499999812500006,AD,016-1,016
73,15,3.780821917808219,4.866666666666666,0.5616438356164384,0.7181818181818183,0,0.0,0,0.49999997727272827,0.5454545206611581,AD,016-3,016
94,17,3.872340425531915,5.529411764705882,0.44680851063829785,0.726153846153846,0,0.0,0,0.5199999792000009,0.7999999680000013,AD,016-4,016
177,35,3.977401129943503,5.057142857142857,0.4463276836158192,0.8013513513513513,0,0.0,1,0.4285714198250731,0.6734693740108292,AD,018-0,018
332,80,3.674698795180723,4.15,0.35843373493975905,0.7603960396039603,0,0.0,0,0.4042553148483477,0.7340425453825261,AD,023-0,023
46,9,4.021739130434782,5.111111111111111,0.5,0.6568627450980392,0,0.0,0,1.1111109876543348,0.5555554938271674,AD,023-2,023
122,22,4.172131147540983,5.545454545454546,0.5491803278688525,0.8182795698924734,0,0.0,0,0.3939393820018369,0.8181817933884306,AD,024-1,024
116,21,3.9224137931034484,5.523809523809524,0.5431034482758621,0.8022988505747131,0,0.0,0,0.3055555470679015,0.611111094135803,AD,024-2,024
182,50,3.9285714285714284,3.64,0.4230769230769231,0.7586056644880174,0,0.0,0,0.2666666622222223,0.5833333236111113,AD,029-0,029
678,102,3.8023598820059,6.647058823529412,0.3392330383480826,0.816949152542373,2,0.0029498525073746312,1,0.8686131323458895,1.2408759033512708,AD,029-1,029
142,28,3.823943661971831,5.071428571428571,0.4507042253521127,0.796755162241888,0,0.0,0,0.3658536496133256,0.609756082688876,AD,030-0,030
114,21,3.8771929824561404,5.428571428571429,0.5350877192982456,0.7776470588235294,0,0.0,0,0.3939393820018369,0.6060605876951337,AD,030-1,030
128,23,3.8359375,5.565217391304348,0.578125,0.8346801346801348,0,0.0,0,0.35135134185536915,0.7027026837107383,AD,033-0,033
222,63,3.9864864864864864,3.5238095238095237,0.35585585585585583,0.7307426597582036,0,0.0,0,0.2619047587868481,0.45238094699546494,AD,033-1,033
114,28,4.052631578947368,4.071428571428571,0.5526315789473685,0.8376470588235296,0,0.0,0,0.23529411072664383,0.6470588044982705,AD,033-2,033
79,14,4.012658227848101,5.642857142857143,0.6329113924050633,0.8006666666666666,0,0.0,0,0.27999998880000043,0.639999974400001,AD,033-3,033
108,15,3.9444444444444446,7.2,0.5925925925925926,0.820253164556962,0,0.0,0,0.33333332323232356,0.6060605876951337,AD,033-4,033
269,55,3.6691449814126393,4.890909090909091,0.45353159851301117,0.8075000000000002,0,0.0,0,0.5833333236111113,0.9166666513888891,AD,035-0,035
142,26,4.042253521126761,5.461538461538462,0.5985915492957746,0.8153392330383483,0,0.0,0,0.4324324207450697,0.7837837626004389,AD,035-1,035
173,41,3.7803468208092488,4.219512195121951,0.49710982658959535,0.7717592592592593,0,0.0,0,0.4651162682531101,0.8837209096809091,AD,039-0,039
121,20,4.107438016528926,6.05,0.49586776859504134,0.8231884057971013,0,0.0,0,0.7083333038194456,1.4999999375000026,AD,040-0,040
215,43,3.827906976744186,5.0,0.3488372093023256,0.7971326164874553,0,0.0,0,0.3278688470841173,0.6393442518140287,AD,043-0,043
210,49,3.895238095238095,4.285714285714286,0.4380952380952381,0.774585635359116,0,0.0,0,0.4561403428747308,0.7192982329947679,AD,046-0,046
37,7,3.675675675675676,5.285714285714286,0.7297297297297297,0.7291666666666665,0,0.0,0,0.4999999583333368,0.4999999583333368,AD,046-2,046
102,26,4.049019607843137,3.923076923076923,0.6078431372549019,0.7945205479452054,0,0.0,0,0.26666665777777804,0.7333333088888897,AD,049-0,049
159,32,3.69811320754717,4.96875,0.46540880503144655,0.8233333333333334,0,0.0,0,0.567567552227904,0.8378378151935726,AD,049-1,049
142,27,3.7746478873239435,5.2592592592592595,0.45774647887323944,0.7672566371681416,0,0.0,0,0.567567552227904,0.7027026837107383,AD,049-3,049
202,41,3.881188118811881,4.926829268292683,0.4207920792079208,0.7633911368015414,0,0.0,0,0.39999999333333347,0.6833333219444446,AD,050-0,050
137,23,3.6715328467153285,5.956521739130435,0.4744525547445255,0.7938271604938273,0,0.0,0,0.61764704065744,0.7352940960207619,AD,051-0,051
110,21,3.890909090909091,5.238095238095238,0.5181818181818182,0.8304526748971195,0,0.0,0,0.42424241138659363,0.6666666464646471,AD,051-1,051
131,28,3.6946564885496183,4.678571428571429,0.4580152671755725,0.7643790849673203,0,0.0,0,0.44444443209876583,0.7222222021604945,AD,051-2,051
155,29,3.767741935483871,5.344827586206897,0.47096774193548385,0.7775132275132277,0,0.0,0,0.6999999825000005,0.8499999787500006,AD,051-3,051
219,38,3.7077625570776256,5.7631578947368425,0.3972602739726027,0.7898245614035087,0,0.0,0,0.685185172496571,0.8703703542524008,AD,053-1,053
38,8,4.552631578947368,4.75,0.7368421052631579,0.7740740740740741,0,0.0,0,0.599999940000006,0.7999999200000081,AD,057-0,057
112,18,3.9642857142857144,6.222222222222222,0.5446428571428571,0.8285140562248996,0,0.0,0,0.45454544077135034,0.6666666464646471,AD,057-1,057
175,35,3.8857142857142857,5.0,0.4857142857142857,0.7869863013698629,0,0.0,0,0.4693877455226991,0.7551020254060812,AD,057-2,057
134,29,4.1716417910447765,4.620689655172414,0.5074626865671642,0.8282539682539682,0,0.0,0,0.20930232071389954,0.6279069621416986,AD,058-0,058
137,21,3.846715328467153,6.523809523809524,0.46715328467153283,0.754320987654321,0,0.0,0,0.33333332407407434,0.7222222021604945,AD,058-1,058
104,20,3.8173076923076925,5.2,0.5865384615384616,0.8346666666666668,0,0.0,0,0.3999999866666671,0.6666666444444451,AD,058-3,058
269,49,4.052044609665428,5.489795918367347,0.4795539033457249,0.7904166666666669,1,0.0037174721189591076,0,0.6949152424590637,0.9999999830508478,AD,058-4,058
149,24,3.5906040268456376,6.208333333333333,0.47651006711409394,0.7925,0,0.0,0,0.5714285551020413,0.857142832653062,AD,061-0,061
149,21,3.751677852348993,7.095238095238095,0.4429530201342282,0.7711111111111111,0,0.0,0,0.5333333155555561,0.9333333022222232,AD,061-1,061
71,11,3.887323943661972,6.454545454545454,0.7464788732394366,0.8666666666666668,0,0.0,0,0.4210526094182837,0.8947367950138528,AD,062-0,062
68,9,4.132352941176471,7.555555555555555,0.6911764705882353,0.7854700854700852,0,0.0,0,0.6666666222222252,1.0666665955555603,AD,062-3,062
116,20,3.810344827586207,5.8,0.5,0.8199233716475098,0,0.0,0,0.3548386982310097,0.677419332986473,AD,065-0,065
104,17,3.6826923076923075,6.117647058823529,0.4519230769230769,0.7355555555555555,0,0.0,0,0.33333332222222256,0.6333333122222229,AD,065-1,065
153,30,3.7058823529411766,5.1,0.49673202614379086,0.7930107526881721,0,0.0,0,0.4444444345679015,0.5777777649382719,AD,065-2,065
129,19,3.75968992248062,6.7894736842105265,0.5271317829457365,0.8160000000000003,0,0.0,0,0.6521738846880919,1.4347825463138022,AD,066-0,066
166,33,3.8674698795180724,5.03030303030303,0.4457831325301205,0.7776155717761557,0,0.0,0,0.39534882801514354,0.8604650962682536,AD,067-1,067
187,31,4.021390374331551,6.032258064516129,0.42780748663101603,0.7856540084388186,0,0.0,0,0.21818181421487612,0.5454545355371903,AD,067-2,067
104,22,3.9326923076923075,4.7272727272727275,0.5288461538461539,0.7986666666666667,0,0.0,0,0.3939393820018369,0.6363636170798904,AD,070-2,070
122,26,4.081967213114754,4.6923076923076925,0.5327868852459017,0.7713261648745523,0,0.0,0,0.6923076656804744,1.3846153313609488,AD,076-0,076
297,37,3.606060606060606,8.027027027027026,0.4107744107744108,0.8468905472636817,1,0.003367003367003367,0,1.6486486040905783,2.3783783140978834,AD,076-2,076
420,60,3.769047619047619,7.0,0.37142857142857144,0.7770673486786018,0,0.0,0,0.9605263031509698,1.2894736672437677,AD,076-4,076
173,38,3.820809248554913,4.552631578947368,0.37572254335260113,0.7914351851851852,0,0.0,0,0.46808509642372137,0.7021276446355821,AD,078-0,078
389,78,3.7146529562982007,4.987179487179487,0.2930591259640103,0.7402777777777778,0,0.0,0,0.9130434650283556,1.3188405605965137,AD,078-1,078
232,34,4.081896551724138,6.823529411764706,0.44396551724137934,0.8625615763546798,1,0.004310344827586207,0,0.8749999817708337,1.1249999765625005,AD,087-0,087
108,17,3.574074074074074,6.352941176470588,0.6018518518518519,0.8046413502109705,0,0.0,0,1.0624999335937542,2.1249998671875083,AD,087-1,087
77,17,3.74025974025974,4.529411764705882,0.5454545454545454,0.767361111111111,0,0.0,0,1.7272725702479483,2.7272724793388656,AD,089-0,089
149,36,3.8187919463087248,4.138888888888889,0.44966442953020136,0.7361111111111109,0,0.0,0,0.27272726652892576,0.6363636219008268,AD,091-0,091
165,42,3.824242424242424,3.9285714285714284,0.42424242424242425,0.7583333333333333,0,0.0,0,0.2499999947916668,0.5624999882812503,AD,091-1,091
145,28,3.731034482758621,5.178571428571429,0.43448275862068964,0.7729885057471266,0,0.0,0,0.4358974247205789,0.6666666495726501,AD,091-2,091
142,31,3.8028169014084505,4.580645161290323,0.4859154929577465,0.7619469026548673,0,0.0,0,0.357142848639456,0.59523808106576,AD,094-1,094
110,20,3.727272727272727,5.5,0.4727272727272727,0.8020576131687245,0,0.0,0,0.46428569770408223,0.7142856887755111,AD,094-2,094
190,41,3.6736842105263157,4.634146341463414,0.4105263157894737,0.7803312629399586,0,0.0,0,0.6888888735802473,0.7999999822222227,AD,094-3,094
135,35,3.859259259259259,3.857142857142857,0.3851851851851852,0.6455974842767296,0,0.0,0,0.2926829196906605,0.3902438929208807,AD,097-1,097
72,11,4.5,6.545454545454546,0.6944444444444444,0.7674418604651163,0,0.0,0,0.7647058373702448,0.9411764152249167,AD,120-0,120
168,38,3.7797619047619047,4.421052631578948,0.4166666666666667,0.7621103117505994,0,0.0,0,0.38888888168724295,0.6111110997942389,AD,120-1,120
169,35,3.8520710059171597,4.828571428571428,0.46153846153846156,0.7728571428571429,0,0.0,0,0.6486486311176046,0.9999999729729737,AD,120-2,120
138,27,3.8840579710144927,5.111111111111111,0.4782608695652174,0.851376146788991,0,0.0,0,0.4736841980609422,0.7894736634349037,AD,120-3,120
110,11,4.163636363636364,10.0,0.6454545454545455,0.8337448559670781,0,0.0,0,0.4999999750000012,1.5499999225000038,AD,120-4,120
82,12,4.182926829268292,6.833333333333333,0.6829268292682927,0.8924528301886794,0,0.0,0,0.7058823114186875,1.411764622837375,AD,122-0,122
334,62,3.7095808383233533,5.387096774193548,0.3083832335329341,0.7604371584699454,0,0.0,0,0.45833332855902786,0.7291666590711806,AD,122-1,122
145,24,3.593103448275862,6.041666666666667,0.38620689655172413,0.7310344827586207,0,0.0,0,0.5476190345804992,0.59523808106576,AD,125-0,125
75,14,3.933333333333333,5.357142857142857,0.49333333333333335,0.7137681159420289,0,0.0,0,0.7222221820987677,0.7777777345679036,AD,127-0,127
139,23,3.820143884892086,6.043478260869565,0.4676258992805755,0.7909090909090911,0,0.0,0,0.4999999861111115,0.9444444182098773,AD,134-0,134
119,21,3.773109243697479,5.666666666666667,0.4369747899159664,0.761851851851852,0,0.0,0,0.44444443209876583,0.5277777631172844,AD,134-1,134
281,48,3.8576512455516014,5.854166666666667,0.3416370106761566,0.7449735449735451,0,0.0,0,0.8166666530555559,1.1499999808333337,AD,134-2,134
102,14,3.803921568627451,7.285714285714286,0.6666666666666666,0.8292237442922374,0,0.0,0,0.5238094988662143,1.1428570884353766,AD,134-3,134
75,8,4.253333333333333,9.375,0.6666666666666666,0.778985507246377,0,0.0,0,0.5714285442176883,0.47619045351474026,AD,144-0,144
997,152,3.908726178535607,6.559210526315789,0.2657973921765296,0.7963842975206612,0,0.0,0,0.7333333298412699,1.1904761848072563,AD,144-1,144
159,28,3.893081761006289,5.678571428571429,0.39622641509433965,0.7669230769230768,0,0.0,0,0.3809523718820864,0.6428571275510208,AD,148-0,148
164,33,3.902439024390244,4.96969696969697,0.43902439024390244,0.742962962962963,0,0.0,0,0.16981131755072987,0.5471698009967962,AD,154-0,154
146,22,3.808219178082192,6.636363636363637,0.3219178082191781,0.7008547008547008,0,0.0,0,0.4722222091049387,0.7222222021604945,AD,154-1,154
160,32,3.70625,5.0,0.425,0.7694656488549618,0,0.0,0,0.4634146228435458,0.6829268126115412,AD,157-0,157
209,39,3.8229665071770333,5.358974358974359,0.37799043062200954,0.8242592592592592,0,0.0,0,0.5370370270919069,0.7222222088477369,AD,157-1,157
127,32,3.748031496062992,3.96875,0.44881889763779526,0.6714285714285713,0,0.0,0,0.14583333029513895,0.39583332508680574,AD,157-2,157
360,62,3.897222222222222,5.806451612903226,0.4166666666666667,0.8182275931520646,0,0.0,0,0.6749999915625001,1.0999999862500003,AD,164-1,164
98,29,3.86734693877551,3.3793103448275863,0.6428571428571429,0.7545893719806762,0,0.0,0,0.7499999625000018,1.299999935000003,AD,164-2,164
228,42,3.807017543859649,5.428571428571429,0.32894736842105265,0.8102177554438862,0,0.0,0,0.5593220244182708,0.6610169379488655,AD,164-3,164
196,45,3.8622448979591835,4.355555555555555,0.41836734693877553,0.7984031936127745,0,0.0,0,0.5660377251690996,0.7169811185475261,AD,168-0,168
232,47,3.7241379310344827,4.9361702127659575,0.4051724137931034,0.8134646962233169,0,0.0,0,0.4727272641322316,1.0363636175206616,AD,168-1,168
108,18,3.8333333333333335,6.0,0.46296296296296297,0.7122362869198314,0,0.0,0,0.30303029384756686,0.5757575583103771,AD,172-1,172
116,18,3.6982758620689653,6.444444444444445,0.46551724137931033,0.8149425287356324,0,0.0,0,0.46428569770408223,0.7499999732142867,AD,172-2,172
138,24,3.7753623188405796,5.75,0.5072463768115942,0.817125382262997,0,0.0,0,0.558823512975779,0.7941176237024229,AD,172-3,172
432,83,3.6458333333333335,5.204819277108434,0.27546296296296297,0.7520264681555004,2,0.004629629629629629,0,1.0394736705332412,1.3421052454986153,AD,173-1,173
102,17,3.8529411764705883,6.0,0.5490196078431373,0.8214611872146119,0,0.0,0,0.46428569770408223,0.7142856887755111,AD,178-0,178
85,26,4.223529411764706,3.269230769230769,0.5294117647058824,0.7327380952380952,0,0.0,0,0.1612903173777317,0.4838709521331951,AD,178-1,178
99,20,3.95959595959596,4.95,0.5252525252525253,0.7590476190476192,0,0.0,0,0.20588234688581333,0.47058822145328766,AD,181-0,181
247,45,3.6558704453441297,5.488888888888889,0.43724696356275305,0.8027522935779816,0,0.0,0,0.5166666580555557,0.8166666530555559,AD,181-1,181
123,25,3.682926829268293,4.92,0.4796747967479675,0.7780141843971631,0,0.0,0,0.3888888780864201,0.611111094135803,AD,181-2,181
161,29,3.6645962732919255,5.551724137931035,0.453416149068323,0.8111111111111111,0,0.0,0,0.7647058598615925,0.8823529152249143,AD,181-3,181
153,28,3.9411764705882355,5.464285714285714,0.41830065359477125,0.7290322580645161,0,0.0,0,0.37209301460248806,0.7209302157923206,AD,183-0,183
119,25,3.8907563025210083,4.76,0.44537815126050423,0.7125925925925926,0,0.0,0,0.34210525415512494,0.578947353185596,AD,183-1,183
87,12,3.9195402298850577,7.25,0.6896551724137931,0.8270114942528736,0,0.0,0,0.38095236281179223,1.0476189977324286,AD,183-2,183
121,23,3.925619834710744,5.260869565217392,0.4462809917355372,0.7594202898550726,0,0.0,0,0.42424241138659363,0.6060605876951337,AD,183-3,183
115,17,3.860869565217391,6.764705882352941,0.4608695652173913,0.7763565891472868,0,0.0,0,0.4666666511111116,0.8666666377777787,AD,184-0,184
119,20,3.9243697478991595,5.95,0.48739495798319327,0.775925925925926,0,0.0,0,0.4333333188888894,0.6666666444444451,AD,184-1,184
82,18,3.9634146341463414,4.555555555555555,0.5365853658536586,0.7220125786163523,0,0.0,0,0.37037035665294976,0.5925925706447196,AD,184-2,184
63,7,4.031746031746032,9.0,0.6825396825396826,0.8058823529411765,0,0.0,0,0.8461537810650938,1.3076922071005996,AD,190-1,190
62,9,4.048387096774194,6.888888888888889,0.5806451612903226,0.705050505050505,0,0.0,0,0.4999999687500019,1.0624999335937542,AD,190-2,190
193,52,3.94300518134715,3.7115384615384617,0.40414507772020725,0.7910569105691058,0,0.0,0,0.22580644797086374,0.5322580559313217,AD,203-0,203
355,75,3.676056338028169,4.733333333333333,0.3267605633802817,0.7722903885480571,0,0.0,0,0.5760869502599245,0.7717391220463139,AD,203-1,203
84,40,4.345238095238095,2.1,0.5357142857142857,0.6636363636363638,0,0.0,0,0.10526315512465383,0.4210526204986153,AD,205-1,205
178,33,3.808988764044944,5.393939393939394,0.449438202247191,0.8136465324384786,0,0.0,0,0.5249999868750004,0.8499999787500006,AD,206-0,206
227,53,3.4229074889867843,4.283018867924528,0.2907488986784141,0.7106060606060607,0,0.0,0,0.5079364998740238,0.6825396717057195,AD,207-0,207
112,19,3.6964285714285716,5.894736842105263,0.5535714285714286,0.7967871485943776,0,0.0,0,0.49999998214285774,0.7499999732142867,AD,212-0,212
152,24,3.723684210526316,6.333333333333333,0.45394736842105265,0.7674796747967482,0,0.0,0,0.4749999881250003,0.7749999806250005,AD,212-1,212
158,28,3.7468354430379747,5.642857142857143,0.3987341772151899,0.7850129198966409,0,0.0,0,0.6585365693039862,0.8780487590719815,AD,212-2,212
85,12,3.835294117647059,7.083333333333333,0.4235294117647059,0.5988095238095238,0,0.0,0,0.21874999316406274,0.3749999882812504,AD,212-3,212
120,19,3.8583333333333334,6.315789473684211,0.5,0.7739926739926742,0,0.0,0,0.39999998857142893,0.6857142661224496,AD,213-1,213
90,22,3.922222222222222,4.090909090909091,0.5444444444444444,0.8229508196721312,0,0.0,0,0.45161288865764876,0.4838709521331951,AD,213-2,213
162,33,3.9814814814814814,4.909090909090909,0.4074074074074074,0.7588972431077694,0,0.0,0,0.48780486615110086,0.9024390023795366,AD,213-3,213
160,33,3.8125,4.848484848484849,0.45625,0.82264631043257,0,0.0,0,0.4186046414277991,0.7906976560302871,AD,216-0,216
135,26,3.8222222222222224,5.1923076923076925,0.5111111111111111,0.8141509433962265,0,0.0,0,0.468749985351563,0.7812499755859383,AD,216-1,216
182,40,3.532967032967033,4.55,0.45604395604395603,0.7980392156862745,2,0.01098901098901099,0,2.399999880000006,2.6999998650000068,AD,218-0,218
131,14,3.5572519083969465,9.357142857142858,0.4122137404580153,0.7418300653594772,0,0.0,0,1.3999999300000034,1.4999999250000036,AD,218-1,218
331,75,3.9788519637462234,4.413333333333333,0.3595166163141994,0.7572847682119205,2,0.006042296072507553,0,0.44943819719732364,0.7752808901653833,AD,220-0,220
184,35,3.5815217391304346,5.257142857142857,0.33695652173913043,0.7253763440860216,0,0.0,0,0.8139534694429427,0.8372092828555981,AD,220-1,220
136,22,3.698529411764706,6.181818181818182,0.45588235294117646,0.8034267912772588,0,0.0,0,0.468749985351563,0.7187499775390632,AD,221-0,221
36,4,4.361111111111111,9.0,0.75,0.719047619047619,0,0.0,0,0.3636363305785154,0.5454544958677732,AD,221-1,221
112,22,3.9017857142857144,5.090909090909091,0.5,0.7939759036144579,0,0.0,0,0.4374999863281255,0.5624999824218756,AD,221-2,221
137,22,3.6715328467153285,6.2272727272727275,0.48905109489051096,0.8101851851851852,0,0.0,0,0.5405405259313372,0.5945945785244708,AD,221-3,221
358,76,3.7681564245810057,4.7105263157894735,0.32122905027932963,0.7564336372847011,0,0.0,0,0.5050504999489849,0.6767676699316397,AD,222-0,222
310,49,3.5935483870967744,6.326530612244898,0.22903225806451613,0.7396204033214709,1,0.0032258064516129032,1,0.3626373586523367,0.560439554280884,AD,222-1,222
157,35,3.9936305732484074,4.485714285714286,0.4840764331210191,0.78125,0,0.0,0,0.25531914350384805,0.6808510493435947,AD,223-0,223
139,31,3.776978417266187,4.483870967741935,0.4748201438848921,0.7851515151515149,0,0.0,0,0.3658536496133256,0.6341463259964311,AD,223-1,223
111,22,3.945945945945946,5.045454545454546,0.5225225225225225,0.6922764227642274,0,0.0,0,0.655172391200952,1.1034482378121298,AD,226-0,226
342,64,3.8157894736842106,5.34375,0.35964912280701755,0.7889243876464324,0,0.0,0,0.34042552829334544,0.7340425453825261,AD,234-0,234
169,41,3.923076923076923,4.121951219512195,0.3609467455621302,0.6938095238095238,0,0.0,0,0.31481480898491093,0.48148147256515794,AD,235-0,235
245,45,3.7918367346938777,5.444444444444445,0.3673469387755102,0.7837962962962963,0,0.0,1,0.5454545371900827,0.6363636267217633,AD,235-2,235
335,50,3.7611940298507465,6.7,0.3761194029850746,0.8208061002178649,0,0.0,0,0.5974025896441222,0.7662337562826785,AD,236-0,236
120,23,3.95,5.217391304347826,0.5,0.7732600732600732,0,0.0,0,0.41176469377162667,0.676470568339101,AD,237-1,237
126,28,3.9206349206349205,4.5,0.46825396825396826,0.7725085910652921,0,0.0,1,0.3428571330612248,0.6857142661224496,AD,237-2,237
548,95,3.821167883211679,5.768421052631579,0.2737226277372263,0.7731535003211305,3,0.005474452554744526,0,0.8461538389217621,1.0683760592446492,AD,238-0,238
140,25,3.942857142857143,5.6,0.5214285714285715,0.7894894894894896,0,0.0,0,0.41666665509259293,0.8611110871913588,AD,244-0,244
222,37,3.774774774774775,6.0,0.3783783783783784,0.753195164075993,0,0.0,0,0.46666665888888903,0.7333333211111114,AD,247-0,247
176,40,3.8068181818181817,4.4,0.3977272727272727,0.7485260770975056,0,0.0,0,0.3404255246717974,0.6170212634676328,AD,252-0,252
280,44,3.7142857142857144,6.363636363636363,0.39285714285714285,0.7727755644090304,0,0.0,0,0.7735848910644361,1.1320754503381991,AD,252-1,252
283,58,3.7491166077738516,4.879310344827586,0.31802120141342755,0.7484251968503939,0,0.0,0,0.3855421640296125,0.6626505944258965,AD,252-2,252
184,28,3.8097826086956523,6.571428571428571,0.5597826086956522,0.7836559139784947,0,0.0,0,0.49999998750000035,0.8249999793750006,AD,257-0,257
260,44,3.8038461538461537,5.909090909090909,0.3153846153846154,0.7865800865800865,0,0.0,0,0.6129032159209159,0.9677419198751304,AD,257-2,257
98,16,3.6122448979591835,6.125,0.5510204081632653,0.7985507246376813,0,0.0,0,0.679999972800001,0.8799999648000014,AD,260-1,260
134,21,3.7761194029850746,6.380952380952381,0.5074626865671642,0.8050793650793652,0,0.0,0,0.7419354599375658,0.9677419042663902,AD,260-2,260
207,35,3.888888888888889,5.914285714285715,0.2898550724637681,0.7063670411985019,0,0.0,0,0.34848484320477513,0.6060605968778697,AD,264-0,264
161,36,3.8633540372670807,4.472222222222222,0.5031055900621118,0.7888888888888889,0,0.0,0,0.5249999868750004,0.9749999756250006,AD,268-0,268
294,41,3.7551020408163267,7.170731707317073,0.41496598639455784,0.7854088050314465,0,0.0,0,0.6190476092214665,1.111111093474427,AD,269-0,269
202,35,3.623762376237624,5.771428571428571,0.42574257425742573,0.8315992292870907,0,0.0,0,0.5957446681756454,0.7659574305115441,AD,269-1,269
123,26,3.7560975609756095,4.730769230769231,0.5365853658536586,0.7829787234042555,0,0.0,0,0.4193548251821024,0.7096773964620194,AD,270-0,270
147,25,3.877551020408163,5.88,0.673469387755102,0.8813559322033897,0,0.0,0,0.4594594470416366,0.7567567363038721,AD,270-1,270
119,17,3.8739495798319328,7.0,0.5546218487394958,0.7892592592592594,0,0.0,0,0.599999976000001,1.3199999472000021,AD,270-2,270
118,28,3.9322033898305087,4.214285714285714,0.4745762711864407,0.7292134831460675,0,0.0,0,0.33333332478632505,0.6666666495726501,AD,271-2,271
494,93,3.8036437246963564,5.311827956989247,0.29959514170040485,0.7729032258064517,0,0.0,0,0.8613861300852859,1.029702960101951,AD,276-0,276
181,39,3.839779005524862,4.641025641025641,0.430939226519337,0.762719298245614,0,0.0,0,0.35849055927376305,0.5471698009967962,AD,279-0,279
108,24,3.712962962962963,4.5,0.5740740740740741,0.822362869198312,0,0.0,0,0.6999999766666675,0.6666666444444451,AD,279-1,279
120,16,3.6333333333333333,7.5,0.55,0.7728937728937728,0,0.0,0,0.48275860404280674,0.9999999655172426,AD,282-0,282
99,15,4.08080808080808,6.6,0.5050505050505051,0.7623809523809523,0,0.0,1,0.3333333209876548,0.8518518203017844,AD,282-1,282
86,16,3.883720930232558,5.375,0.5697674418604651,0.7994152046783626,0,0.0,0,0.4230769068047343,0.5769230547337286,AD,282-2,282
142,38,3.9014084507042255,3.736842105263158,0.5070422535211268,0.7917404129793512,0,0.0,0,0.3658536496133256,0.8292682724568714,AD,283-0,283
186,38,3.7795698924731185,4.894736842105263,0.3924731182795699,0.759235668789809,0,0.0,0,0.38983050186727963,0.4915254153978743,AD,283-1,283
75,12,3.92,6.25,0.7066666666666667,0.7550724637681158,0,0.0,1,0.3333333174603182,0.7142856802721105,AD,289-2,289
168,32,3.7916666666666665,5.25,0.4107142857142857,0.8223021582733812,0,0.0,0,0.49999998684210567,0.8157894522160671,AD,291-1,291
151,27,3.7682119205298013,5.592592592592593,0.4370860927152318,0.8010928961748633,0,0.0,0,0.6470588044982705,0.7647058598615925,AD,291-2,291
348,73,3.706896551724138,4.767123287671233,0.29310344827586204,0.7272727272727273,0,0.0,0,0.5247524700519558,0.5940594000588179,AD,293-1,293
170,29,3.7705882352941176,5.862068965517241,0.45294117647058824,0.7534278959810876,0,0.0,0,0.38297871525577204,0.6595744540516074,AD,306-0,306
104,18,3.6346153846153846,5.777777777777778,0.5,0.7520000000000002,0,0.0,0,0.5714285510204089,0.6071428354591845,AD,310-0,310
319,67,3.8808777429467085,4.7611940298507465,0.26332288401253917,0.7426436781609195,0,0.0,0,0.5609756029149316,0.829268282569899,AD,311-0,311
256,51,3.67578125,5.019607843137255,0.3984375,0.7938325991189429,0,0.0,0,0.6060605968778697,0.8333333207070709,AD,319-0,319
191,38,3.7539267015706805,5.026315789473684,0.39790575916230364,0.761522633744856,0,0.0,1,0.5199999896000003,0.7199999856000003,AD,325-0,325
114,22,3.8157894736842106,5.181818181818182,0.49122807017543857,0.7850980392156863,0,0.0,0,0.6129032060353804,0.7419354599375658,AD,325-1,325
84,16,3.9642857142857144,5.25,0.5476190476190477,0.7424242424242424,0,0.0,1,0.3333333209876548,0.5185184993141296,AD,329-0,329
208,39,4.105769230769231,5.333333333333333,0.46634615384615385,0.7959031657355679,0,0.0,0,0.46969696258034904,0.7121212013314969,AD,334-0,334
119,24,3.8151260504201683,4.958333333333333,0.5714285714285714,0.8262962962962964,0,0.0,0,0.5312499833984381,0.7187499775390632,AD,334-1,334
612,109,3.8055555555555554,5.614678899082569,0.2761437908496732,0.7626072041166381,0,0.0,0,0.7076923022485208,0.9615384541420119,AD,337-0,337
109,16,3.81651376146789,6.8125,0.5688073394495413,0.7754166666666666,0,0.0,0,0.42424241138659363,0.6363636170798904,AD,338-0,338
177,32,3.6779661016949152,5.53125,0.4576271186440678,0.7522522522522523,0,0.0,0,0.4651162682531101,0.7674418426176316,AD,339-0,339
202,43,3.777227722772277,4.6976744186046515,0.37623762376237624,0.7477842003853563,0,0.0,1,0.32812499487304697,0.453124992919922,AD,341-0,341
197,38,3.786802030456853,5.184210526315789,0.4416243654822335,0.7918650793650793,0,0.0,0,0.5581395219037321,0.8837209096809091,AD,342-0,342
123,23,3.8292682926829267,5.3478260869565215,0.5121951219512195,0.8237588652482268,0,0.0,0,0.6296296063100145,0.8518518203017844,AD,342-1,342
203,29,3.522167487684729,7.0,0.3054187192118227,0.7545977011494254,0,0.0,0,0.8181817995867773,0.6818181663223144,AD,343-0,343
351,43,3.7293447293447293,8.162790697674419,0.3646723646723647,0.7825051759834367,0,0.0,0,0.7499999889705884,1.1029411602508654,AD,344-0,344
159,25,4.150943396226415,6.36,0.5283018867924528,0.8212820512820511,0,0.0,1,0.4594594470416366,1.135135104455808,AD,344-2,344
150,25,3.7933333333333334,6.0,0.46,0.7617079889807163,0,0.0,0,0.38297871525577204,0.5319148822996834,AD,346-0,346
340,51,3.7411764705882353,6.666666666666667,0.3352941176470588,0.7385852090032154,0,0.0,0,0.9692307543195269,1.1230769057988168,AD,349-0,349
198,40,3.9444444444444446,4.95,0.3787878787878788,0.7751479289940828,0,0.0,0,0.3709677359521333,0.5483870879292405,AD,349-1,349
215,45,3.702325581395349,4.777777777777778,0.4604651162790698,0.8284946236559141,0,0.0,0,0.48275861236623085,0.7413792975624259,AD,350-0,350
225,48,3.848888888888889,4.6875,0.36444444444444446,0.8119047619047621,0,0.0,0,0.5344827494054699,0.7241379185493463,AD,350-1,350
153,24,3.7516339869281046,6.375,0.477124183006536,0.8319892473118279,0,0.0,0,0.5151514995408637,0.7878787640036738,AD,354-0,354
217,41,3.806451612903226,5.2926829268292686,0.35023041474654376,0.7547872340425532,0,0.0,0,0.499999991935484,0.7096774079084289,AD,355-0,355
145,28,3.7103448275862068,5.178571428571429,0.46206896551724136,0.7540229885057472,0,0.0,0,0.7499999765625008,0.9999999687500011,AD,355-1,355
156,36,4.108974358974359,4.333333333333333,0.4166666666666667,0.7396325459317583,0,0.0,0,0.3877550941274471,0.5510203969179511,AD,356-0,356
295,61,3.7932203389830508,4.836065573770492,0.3050847457627119,0.7294486215538848,0,0.0,0,0.29292928997041123,0.45454544995408636,AD,356-1,356
110,19,3.8454545454545452,5.7894736842105265,0.5363636363636364,0.8279835390946504,0,0.0,0,0.41379308917954866,0.655172391200952,AD,357-0,357
86,17,3.5697674418604652,5.0588235294117645,0.47674418604651164,0.7935672514619884,0,0.0,0,0.5199999792000009,0.599999976000001,AD,358-0,358
179,40,4.011173184357542,4.475,0.40782122905027934,0.7684444444444445,0,0.0,0,0.2678571380739797,0.49999999107142873,AD,358-1,358
219,36,3.7534246575342465,6.083333333333333,0.4292237442922374,0.7938596491228069,0,0.0,0,0.5081967129803818,0.6721311365224404,AD,360-0,360
172,32,3.9127906976744184,5.375,0.42441860465116277,0.7566433566433568,0,0.0,0,0.35999999280000017,0.5199999896000003,AD,361-0,361
102,25,3.9607843137254903,4.08,0.5686274509803921,0.8004566210045664,0,0.0,0,0.4499999775000011,1.299999935000003,AD,362-0,362
210,52,3.8666666666666667,4.038461538461538,0.3904761904761905,0.7386740331491712,0,0.0,0,0.5079364998740238,0.6825396717057195,AD,362-1,362
134,24,3.8059701492537314,5.583333333333333,0.5074626865671642,0.8215873015873019,0,0.0,0,0.5483870790842877,0.7419354599375658,AD,368-0,368
212,32,3.9622641509433962,6.625,0.42924528301886794,0.8335154826958107,0,0.0,0,0.6122448854643902,0.8571428396501461,AD,369-0,369
48,13,3.7916666666666665,3.6923076923076925,0.7291666666666666,0.812280701754386,0,0.0,0,0.6923076390532585,0.6923076390532585,AD,381-0,381
441,81,3.909297052154195,5.444444444444445,0.2743764172335601,0.7751618122977346,2,0.0045351473922902496,0,0.3615384587573965,0.6307692259171598,AD,381-1,381
100,16,3.98,6.25,0.66,0.8107981220657279,0,0.0,0,0.7499999625000018,1.599999920000004,AD,450-0,450
220,39,3.7454545454545456,5.641025641025641,0.39545454545454545,0.7680628272251309,0,0.0,0,0.5806451519250783,0.7741935359001043,AD,450-1,450
250,56,3.76,4.464285714285714,0.372,0.7687782805429866,0,0.0,0,0.43283581443528635,0.7164178997549567,AD,458-0,458
153,27,3.6993464052287583,5.666666666666667,0.48366013071895425,0.8244623655913978,0,0.0,0,0.6562499794921882,0.937499970703126,AD,461-0,461
140,24,3.692857142857143,5.833333333333333,0.44285714285714284,0.8012012012012012,0,0.0,0,0.48648647333820344,0.6756756574141715,AD,465-0,465
111,23,3.684684684684685,4.826086956521739,0.5135135135135135,0.7703252032520326,0,0.0,0,0.49999998437500054,0.6562499794921882,AD,466-0,466
457,75,3.921225382932166,6.093333333333334,0.3238512035010941,0.7630841121495328,0,0.0,0,0.7010309206079287,1.0721649374003615,AD,466-1,466
288,37,3.6284722222222223,7.783783783783784,0.3333333333333333,0.770913770913771,0,0.0,1,0.6769230665088759,0.76923075739645,AD,468-0,468
156,32,3.871794871794872,4.875,0.40384615384615385,0.7695538057742785,0,0.0,0,0.4897959083715121,0.6122448854643902,AD,470-1,470
110,16,3.6272727272727274,6.875,0.4636363636363636,0.7744855967078188,0,0.0,0,0.639999974400001,0.9599999616000015,AD,471-0,471
205,49,3.7756097560975608,4.183673469387755,0.3951219512195122,0.7356060606060606,0,0.0,0,0.40677965412237876,0.5762711766733699,AD,472-0,472
69,14,3.7971014492753623,4.928571428571429,0.6086956521739131,0.7633333333333333,0,0.0,0,0.4090908904958686,0.6363636074380178,AD,474-0,474
151,26,3.6556291390728477,5.8076923076923075,0.4503311258278146,0.8068306010928962,0,0.0,0,0.5263157756232691,0.6315789307479229,AD,476-0,476
123,20,3.6747967479674797,6.15,0.4634146341463415,0.7705673758865245,0,0.0,0,0.5333333155555561,0.5999999800000007,AD,488-0,488
207,40,4.053140096618358,5.175,0.4492753623188406,0.7771535580524344,1,0.004830917874396135,0,0.5090908998347109,0.781818167603306,AD,488-1,488
122,25,3.622950819672131,4.88,0.5163934426229508,0.7634408602150539,0,0.0,0,0.677419332986473,0.8064515868886585,AD,492-0,492
247,46,3.6558704453441297,5.369565217391305,0.3441295546558704,0.7318042813455656,0,0.0,0,1.0434782381852556,1.391304317580341,AD,493-0,493
433,89,3.51270207852194,4.865168539325842,0.28868360277136257,0.77516501650165,0,0.0,0,0.8072289059370011,1.1807228773406884,AD,493-1,493
206,30,3.7135922330097086,6.866666666666666,0.35436893203883496,0.7847457627118645,0,0.0,0,0.6444444301234571,0.7999999822222227,AD,497-0,497
226,46,3.9690265486725664,4.913043478260869,0.42920353982300885,0.7932318104906937,0,0.0,1,0.5789473582640815,0.9824561231148049,AD,497-1,497
37,8,4.027027027027027,4.625,0.7837837837837838,0.7583333333333333,0,0.0,0,0.57142848979593,0.9999998571428775,AD,504-0,504
131,22,3.83206106870229,5.954545454545454,0.44274809160305345,0.7493464052287582,0,0.0,0,0.7826086616257103,1.3043477693761838,AD,506-0,506
130,23,3.9307692307692306,5.6521739130434785,0.5230769230769231,0.7666666666666666,0,0.0,0,0.4666666511111116,0.9999999666666678,AD,508-0,508
276,61,3.858695652173913,4.524590163934426,0.2898550724637681,0.6763832658569501,0,0.0,0,0.345679008078037,0.5185185121170555,AD,508-1,508
329,65,3.723404255319149,5.061538461538461,0.331306990881459,0.765,0,0.0,0,0.49450548907136826,0.7362637281729261,AD,511-0,511
285,47,3.8175438596491227,6.0638297872340425,0.3719298245614035,0.756640625,0,0.0,0,0.4155844101872155,0.727272717827627,AD,515-1,515
153,20,3.7908496732026142,7.65,0.49673202614379086,0.8274193548387099,0,0.0,0,1.5263157091412785,2.2105261994459893,AD,526-1,526
103,13,3.7281553398058254,7.923076923076923,0.5533980582524272,0.7963963963963965,0,0.0,0,0.7727272376033073,1.0909090413223161,AD,527-0,527
97,17,3.845360824742268,5.705882352941177,0.4329896907216495,0.6303921568627452,0,0.0,0,0.10256409993425386,0.25641024983563465,AD,527-1,527
111,22,3.8018018018018016,5.045454545454546,0.46846846846846846,0.7634146341463415,0,0.0,0,0.5312499833984381,0.6874999785156257,AD,528-0,528
186,24,3.8333333333333335,7.75,0.45161290322580644,0.7802547770700639,0,0.0,0,0.7111110953086424,0.7777777604938276,AD,529-0,529
97,15,3.9381443298969074,6.466666666666667,0.5463917525773195,0.7279411764705882,0,0.0,0,0.5555555349794246,0.7777777489711944,AD,530-0,530
203,31,3.58128078817734,6.548387096774194,0.3842364532019704,0.78544061302682,0,0.0,0,0.8108107888970058,1.351351314828343,AD,539-0,539
170,27,3.7529411764705882,6.296296296296297,0.4294117647058823,0.7617021276595745,0,0.0,0,0.6842105083102499,0.868421029778394,AD,544-0,544
36,5,3.861111111111111,7.2,0.8333333333333334,0.9142857142857144,0,0.0,0,1.799999640000072,1.99999960000008,AD,544-1,544
140,27,3.907142857142857,5.185185185185185,0.4714285714285714,0.7915915915915918,0,0.0,0,0.6470588044982705,0.7058823321799315,AD,551-0,551
128,23,3.9140625,5.565217391304348,0.4921875,0.808080808080808,0,0.0,0,0.5714285551020413,0.6857142661224496,AD,559-0,559
172,31,3.9302325581395348,5.548387096774194,0.4186046511627907,0.816083916083916,0,0.0,0,0.4888888780246916,0.8444444256790128,AD,562-0,562
139,28,3.6043165467625897,4.964285714285714,0.4748201438848921,0.7403030303030304,0,0.0,0,0.4871794746877058,0.6666666495726501,AD,563-0,563
135,22,3.6296296296296298,6.136363636363637,0.48148148148148145,0.7424528301886791,0,0.0,0,0.5263157756232691,0.6315789307479229,AD,573-0,573
114,19,3.7280701754385963,6.0,0.5175438596491229,0.8533333333333335,0,0.0,0,0.620689633769323,0.689655148632581,AD,578-0,578
55,10,3.909090909090909,5.5,0.6909090909090909,0.7846153846153846,0,0.0,0,0.2857142653061239,1.0714284948979647,AD,579-0,579
307,54,3.775244299674267,5.685185185185185,0.3322475570032573,0.7258992805755397,0,0.0,0,0.3563218349848065,0.6666666590038315,AD,580-0,580
187,33,3.935828877005348,5.666666666666667,0.40641711229946526,0.7683544303797468,0,0.0,0,0.3859649055093876,0.6315789362880888,AD,581-0,581
306,53,3.8366013071895426,5.773584905660377,0.3758169934640523,0.8287605294825511,0,0.0,1,0.43902438488994655,0.7195121863474124,AD,585-0,585
188,43,3.7606382978723403,4.372093023255814,0.4521276595744681,0.740461215932914,0,0.0,0,0.35483870395421446,0.6129032159209159,AD,587-0,587
210,47,4.076190476190476,4.468085106382978,0.5095238095238095,0.811233885819521,0,0.0,0,0.38983050186727963,0.7966101559896585,AD,591-0,591
232,38,3.814655172413793,6.105263157894737,0.3620689655172414,0.8113300492610839,0,0.0,0,0.5964912176054172,0.7192982329947679,AD,592-0,592
180,31,3.7222222222222223,5.806451612903226,0.45555555555555555,0.780794701986755,0,0.0,0,0.7631578746537402,1.210526283933519,AD,594-0,594
115,19,3.765217391304348,6.052631578947368,0.5043478260869565,0.8104651162790696,0,0.0,0,0.5714285510204089,0.7499999732142867,AD,595-0,595
175,35,3.954285714285714,5.0,0.41714285714285715,0.7837899543378996,0,0.0,0,0.3571428507653063,0.49999999107142873,AD,598-0,598
248,46,3.657258064516129,5.391304347826087,0.41935483870967744,0.7444444444444445,0,0.0,0,0.5081967129803818,0.9508196565439401,AD,601-0,601
294,69,3.8945578231292517,4.260869565217392,0.3299319727891156,0.7610062893081762,0,0.0,0,0.34042552829334544,0.5638297812358534,AD,607-0,607
368,61,3.8940217391304346,6.032786885245901,0.27445652173913043,0.7654867256637168,0,0.0,0,0.5161290267082901,0.8064516042317033,AD,609-0,609
135,28,3.948148148148148,4.821428571428571,0.5037037037037037,0.8088050314465409,0,0.0,0,0.31249999348958346,0.4166666579861113,AD,610-0,610
221,36,3.81447963800905,6.138888888888889,0.40271493212669685,0.7774305555555555,0,0.0,0,0.5087719208987382,0.7192982329947679,AD,615-0,615
128,25,3.7890625,5.12,0.46875,0.7663299663299663,0,0.0,0,0.47058822145328766,0.7941176237024229,AD,620-0,620
92,20,4.021739130434782,4.6,0.4891304347826087,0.7650793650793651,0,0.0,0,0.3103448168846615,0.5517241189060649,AD,624-0,624
102,27,3.9215686274509802,3.7777777777777777,0.47058823529411764,0.7639269406392694,0,0.0,0,0.3055555470679015,0.5277777631172844,AD,635-0,635
106,25,3.80188679245283,4.24,0.5943396226415094,0.7774891774891773,0,0.0,0,0.3225806347554634,0.5806451425598341,AD,636-0,636
104,23,3.951923076923077,4.521739130434782,0.4519230769230769,0.7519999999999999,0,0.0,0,0.3548386982310097,0.677419332986473,AD,639-0,639
218,43,4.064220183486238,5.069767441860465,0.3256880733944954,0.7019400352733687,0,0.0,0,0.3013698588853444,0.4520547883280166,AD,640-0,640
175,26,3.874285714285714,6.730769230769231,0.56,0.8091324200913242,0,0.0,0,0.7894736634349037,0.8947368185595574,AD,642-0,642
86,16,4.093023255813954,5.375,0.6627906976744186,0.808187134502924,0,0.0,0,0.49999997727272827,0.9090908677685968,AD,648-0,648
208,49,3.9471153846153846,4.244897959183674,0.38461538461538464,0.7093109869646184,0,0.0,0,0.18666666417777783,0.4399999941333334,AD,650-0,650
79,15,3.8227848101265822,5.266666666666667,0.6835443037974683,0.8520000000000002,1,0.012658227848101266,0,1.0769229940828466,1.230769136094682,AD,651-0,651
113,18,3.8849557522123894,6.277777777777778,0.4778761061946903,0.7785714285714287,0,0.0,0,0.5714285510204089,0.7857142576530622,AD,656-0,656
149,28,3.9194630872483223,5.321428571428571,0.3959731543624161,0.7697222222222221,0,0.0,0,0.5128204996712693,0.6923076745562136,AD,657-0,657
59,14,3.9491525423728815,4.214285714285714,0.6271186440677966,0.7655555555555554,0,0.0,0,0.3846153550295881,1.1538460650887643,AD,660-0,660
140,29,3.7714285714285714,4.827586206896552,0.5071428571428571,0.7867867867867868,0,0.0,0,0.49999998750000035,0.6249999843750005,AD,663-0,663
135,18,3.725925925925926,7.5,0.4148148148148148,0.7393081761006287,0,0.0,0,0.4594594470416366,0.6486486311176046,AD,672-0,672
180,43,4.0,4.186046511627907,0.37777777777777777,0.7167770419426049,0,0.0,0,0.23728813157138762,0.5423728721631716,AD,674-0,674
17,6,4.294117647058823,2.8333333333333335,1.0,1.0,1,0.058823529411764705,0,0.49999987500003124,1.249999687500078,AD,676-0,676
109,26,3.9541284403669725,4.1923076923076925,0.45871559633027525,0.7825,0,0.0,0,0.28571427755102063,0.4571428440816331,AD,681-0,681
237,43,3.9535864978902953,5.511627906976744,0.3291139240506329,0.7491987179487178,0,0.0,0,0.3866666615111112,0.5333333262222223,AD,689-0,689
229,52,3.960698689956332,4.403846153846154,0.4017467248908297,0.7239999999999999,1,0.004366812227074236,0,0.41818181057851256,0.8727272568595045,AD,690-0,690
98,17,4.275510204081633,5.764705882352941,0.6020408163265306,0.765217391304348,0,0.0,0,0.38095236281179223,1.476190405895695,AD,695-0,695
196,38,3.9591836734693877,5.157894736842105,0.32653061224489793,0.7199600798403194,0,0.0,0,0.4107142783801022,0.6785714164540819,AD,698-0,698
138,24,3.8115942028985508,5.75,0.4855072463768116,0.7938837920489298,0,0.0,0,0.5454545289256204,0.8484848227731873,AD,702-0,702
300,53,3.6866666666666665,5.660377358490566,0.36,0.7686346863468634,0,0.0,0,0.5999999914285715,0.9999999857142859,AD,703-0,703
350,56,3.8257142857142856,6.25,0.4057142857142857,0.8006230529595015,0,0.0,0,0.5949367013299152,0.9620253042781607,AD,704-0,704
207,37,3.8067632850241546,5.594594594594595,0.4251207729468599,0.8003745318352058,0,0.0,0,0.5535714186862247,0.6785714164540819,AD,705-0,705
108,21,3.9722222222222223,5.142857142857143,0.5648148148148148,0.8362869198312237,0,0.0,0,0.42424241138659363,0.6060605876951337,AD,707-0,707
131,29,3.877862595419847,4.517241379310345,0.4351145038167939,0.785947712418301,0,0.0,0,0.38636362758264486,0.4999999886363639,AD,711-0,711
163,24,3.96319018404908,6.791666666666667,0.49079754601226994,0.7402985074626866,1,0.006134969325153374,0,0.6388888711419759,0.9166666412037044,AD,714-0,714
3309,393,3.766999093381686,8.419847328244275,0.14808099123602297,0.7922459349593497,4,0.0012088244182532487,5,0.993999998012,1.55999999688,AD,depaul1a,depaul1a
3290,371,3.7401215805471124,8.867924528301886,0.14863221884498481,0.7895226413165697,11,0.0033434650455927053,2,1.078723401960163,1.6255319114350384,AD,depaul1b,depaul1b
140,21,4.0,6.666666666666667,0.6071428571428571,0.8180180180180185,0,0.0,0,0.2571428497959186,0.9999999714285723,HC,002-0,002
112,20,4.026785714285714,5.6,0.5267857142857143,0.7594377510040161,0,0.0,0,0.2424242350780535,0.7575757346189171,HC,002-1,002
169,18,4.047337278106509,9.38888888888889,0.5562130177514792,0.8216666666666667,1,0.005917159763313609,0,0.35135134185536915,1.0540540255661075,HC,002-2,002
189,14,4.333333333333333,13.5,0.544973544973545,0.7797916666666668,0,0.0,0,0.4634146228435458,1.146341435455087,HC,002-3,002
91,16,3.879120879120879,5.6875,0.6593406593406593,0.7521505376344086,0,0.0,0,0.3846153698224858,0.8846153505917173,HC,006-2,006
145,14,3.910344827586207,10.357142857142858,0.5448275862068965,0.8054597701149425,0,0.0,0,0.3589743497698885,0.8461538244575944,HC,006-3,006
192,17,4.088541666666667,11.294117647058824,0.5052083333333334,0.7687116564417179,0,0.0,0,0.30232557436452157,0.9069767230935646,HC,006-4,006
105,16,4.285714285714286,6.5625,0.6285714285714286,0.7995614035087719,0,0.0,0,0.11111110802469146,0.5277777631172844,HC,013-0,013
72,15,4.194444444444445,4.8,0.6944444444444444,0.8279069767441862,0,0.0,0,0.1999999900000005,0.9999999500000024,HC,013-2,013
95,16,3.9894736842105263,5.9375,0.6105263157894737,0.763131313131313,0,0.0,0,0.1481481426611799,1.0370369986282593,HC,013-3,013
111,19,4.108108108108108,5.842105263157895,0.6306306306306306,0.7642276422764228,0,0.0,0,0.22222221604938291,0.7777777561728402,HC,013-4,013
221,30,4.072398190045249,7.366666666666666,0.5384615384615384,0.7807291666666666,0,0.0,0,0.30769230177514806,1.0384615184911248,HC,015-0,015
170,22,3.8823529411764706,7.7272727272727275,0.5470588235294118,0.7851063829787234,0,0.0,0,0.3488372011898325,0.9302325365062202,HC,015-1,015
276,35,3.677536231884058,7.885714285714286,0.4166666666666667,0.7531713900134954,0,0.0,0,0.43636362842975224,1.1999999781818187,HC,015-2,015
145,26,4.062068965517241,5.576923076923077,0.5517241379310345,0.7454022988505746,0,0.0,0,0.41666665509259293,1.027777749228396,HC,015-3,015
159,22,4.018867924528302,7.2272727272727275,0.5471698113207547,0.7666666666666666,0,0.0,0,0.4210526204986153,1.105263128808865,HC,015-4,015
256,34,3.7734375,7.529411764705882,0.46875,0.808516886930984,0,0.0,0,0.5686274398308345,1.5098038919646297,HC,017-4,017
104,15,4.105769230769231,6.933333333333334,0.5865384615384616,0.7080000000000001,0,0.0,0,0.24999998958333375,0.999999958333335,HC,021-0,021
178,16,4.157303370786517,11.125,0.5617977528089888,0.816331096196868,0,0.0,0,0.39999999000000025,1.0749999731250008,HC,021-1,021
63,11,4.111111111111111,5.7272727272727275,0.746031746031746,0.8245098039215687,0,0.0,0,0.23529410380622917,1.0588234671280312,HC,021-2,021
56,15,4.178571428571429,3.7333333333333334,0.625,0.6987654320987653,0,0.0,0,0.35294115570934376,0.999999941176474,HC,021-3,021
67,11,3.8208955223880596,6.090909090909091,0.6716417910447762,0.7149122807017543,0,0.0,0,0.3124999804687512,1.0624999335937542,HC,021-4,021
105,19,3.857142857142857,5.526315789473684,0.5714285714285714,0.7302631578947368,1,0.009523809523809525,0,0.30769229585798863,0.9615384245562144,HC,022-0,022
73,9,3.8904109589041096,8.11111111111111,0.6301369863013698,0.7598484848484851,0,0.0,0,0.35294115570934376,0.9411764152249167,HC,022-1,022
85,11,3.9176470588235293,7.7272727272727275,0.6235294117647059,0.7791666666666668,0,0.0,0,0.18181817355371938,0.863636324380167,HC,022-2,022
152,25,3.9934210526315788,6.08,0.5526315789473685,0.8466124661246612,0,0.0,0,0.4722222091049387,1.249999965277779,HC,028-1,028
164,14,3.8353658536585367,11.714285714285714,0.5548780487804879,0.8145679012345679,0,0.0,0,0.6666666444444451,1.566666614444446,HC,028-4,028
111,19,4.1441441441441444,5.842105263157895,0.5405405405405406,0.7857723577235772,0,0.0,0,0.16666666111111128,0.7666666411111119,HC,034-0,034
64,11,4.15625,5.818181818181818,0.71875,0.7599999999999998,0,0.0,0,0.11111110493827195,1.0555554969135834,HC,034-1,034
115,15,4.095652173913043,7.666666666666667,0.6260869565217392,0.7914728682170544,0,0.0,0,0.19999999333333354,0.9333333022222232,HC,034-2,034
121,16,3.87603305785124,7.5625,0.512396694214876,0.7829710144927537,0,0.0,0,0.4333333188888894,1.1333332955555568,HC,034-3,034
149,19,3.8993288590604025,7.842105263157895,0.6040268456375839,0.7750000000000002,0,0.0,0,0.4054053944485029,0.9729729466764069,HC,034-4,034
164,21,3.8353658536585367,7.809523809523809,0.4817073170731707,0.731111111111111,0,0.0,0,0.4749999881250003,0.8999999775000006,HC,042-1,042
79,11,3.9367088607594938,7.181818181818182,0.6582278481012658,0.7893333333333333,0,0.0,0,0.2608695538752368,0.8260869206049165,HC,042-2,042
83,11,3.9036144578313254,7.545454545454546,0.7228915662650602,0.8172839506172838,0,0.0,0,0.2916666545138894,0.7499999687500013,HC,042-3,042
60,10,4.016666666666667,6.0,0.7166666666666667,0.8301075268817205,0,0.0,0,0.2222222098765439,0.8333332870370396,HC,042-4,042
130,23,4.484615384615385,5.6521739130434785,0.6461538461538462,0.8537953795379537,0,0.0,0,0.1702127623358987,0.4893616917157087,HC,045-0,045
111,20,4.045045045045045,5.55,0.6126126126126126,0.7540650406504066,0,0.0,0,0.0769230749506904,0.5384615246548328,HC,045-2,045
114,18,4.052631578947368,6.333333333333333,0.6578947368421053,0.8094117647058819,0,0.0,0,0.4285714132653067,1.1785713864795933,HC,045-3,045
89,16,3.9213483146067416,5.5625,0.6966292134831461,0.8233333333333335,0,0.0,0,0.5789473379501401,1.6315788614958493,HC,052-0,052
32,4,4.34375,8.0,0.84375,0.8444444444444446,0,0.0,0,0.19999998000000202,0.7999999200000081,HC,052-2,052
119,15,3.823529411764706,7.933333333333334,0.6050420168067226,0.8014814814814814,0,0.0,0,0.30303029384756686,0.6969696758494038,HC,054-0,054
93,21,4.10752688172043,4.428571428571429,0.6666666666666666,0.8312499999999999,0,0.0,0,0.11111110802469146,0.41666665509259293,HC,055-0,055
100,15,3.96,6.666666666666667,0.68,0.883098591549296,0,0.0,0,0.4583333142361119,1.0416666232638907,HC,056-0,056
74,9,3.7837837837837838,8.222222222222221,0.7162162162162162,0.8044444444444445,0,0.0,0,0.21052630470914185,0.7894736426592819,HC,056-3,056
72,10,4.083333333333333,7.2,0.7222222222222222,0.8457364341085268,0,0.0,0,0.4444444197530878,1.2222221543209915,HC,056-4,056
89,12,3.9887640449438204,7.416666666666667,0.6404494382022472,0.7966666666666666,0,0.0,0,0.3333333174603182,1.1428570884353766,HC,059-2,059
79,10,3.7848101265822787,7.9,0.5949367088607594,0.7239999999999999,0,0.0,0,0.1999999900000005,0.7499999625000018,HC,059-3,059
77,10,4.0519480519480515,7.7,0.6233766233766234,0.7618055555555555,0,0.0,0,0.15789472853185638,0.7894736426592819,HC,059-4,059
94,12,3.8617021276595747,7.833333333333333,0.7340425531914894,0.8476923076923079,0,0.0,0,0.5652173667296797,0.9130434385633287,HC,068-0,068
89,11,3.8202247191011236,8.090909090909092,0.6629213483146067,0.8261111111111111,0,0.0,0,0.2272727169421492,0.863636324380167,HC,068-2,068
138,9,4.0,15.333333333333334,0.5362318840579711,0.7678899082568805,0,0.0,0,0.45161288865764876,0.9677419042663902,HC,068-3,068
97,21,4.216494845360825,4.619047619047619,0.7216494845360825,0.8593137254901959,0,0.0,0,0.35999998560000057,1.0399999584000017,HC,071-0,071
82,22,4.158536585365853,3.727272727272727,0.6463414634146342,0.7855345911949688,0,0.0,0,0.2916666545138894,0.9166666284722238,HC,071-1,071
191,70,4.5811518324607325,2.7285714285714286,0.6701570680628273,0.8829218106995886,0,0.0,0,0.13333333155555557,0.4399999941333334,HC,071-2,071
134,24,3.970149253731343,5.583333333333333,0.6194029850746269,0.8736507936507939,0,0.0,0,0.34374998925781286,1.0624999667968762,HC,071-3,071
80,16,4.1875,5.0,0.725,0.8019607843137256,0,0.0,0,0.1923076849112429,0.7307692026627229,HC,071-4,071
120,19,4.1,6.315789473684211,0.625,0.8109890109890108,0,0.0,0,0.4074073923182447,1.1481481056241443,HC,073-0,073
77,8,3.831168831168831,9.625,0.5714285714285714,0.7479166666666667,0,0.0,0,0.17647057785467188,1.176470519031146,HC,073-1,073
121,15,4.082644628099174,8.066666666666666,0.5867768595041323,0.8021739130434781,0,0.0,0,0.24999999218750027,0.8124999746093758,HC,073-3,073
273,36,3.816849816849817,7.583333333333333,0.5311355311355311,0.8161202185792349,0,0.0,0,0.6363636247933887,1.2545454317355376,HC,086-0,086
127,19,3.779527559055118,6.684210526315789,0.5433070866141733,0.7877551020408162,0,0.0,0,0.48148146364883465,1.1481481056241443,HC,086-1,086
115,17,3.8260869565217392,6.764705882352941,0.6086956521739131,0.7899224806201548,0,0.0,0,0.6249999739583344,1.2916666128472245,HC,086-2,086
136,21,3.911764705882353,6.476190476190476,0.6323529411764706,0.8208722741433021,0,0.0,0,0.8461538136094686,1.4999999423076944,HC,086-3,086
173,22,3.867052023121387,7.863636363636363,0.5491329479768786,0.7930555555555556,0,0.0,0,0.4255319058397467,0.7234042399275694,HC,086-4,086
69,10,3.753623188405797,6.9,0.6376811594202898,0.7458333333333333,0,0.0,0,0.21739129489603065,0.6521738846880919,HC,092-0,092
98,19,3.9285714285714284,5.157894736842105,0.6326530612244898,0.7647342995169081,0,0.0,0,0.4230769068047343,1.0769230355029602,HC,092-1,092
48,7,4.083333333333333,6.857142857142857,0.6875,0.736842105263158,0,0.0,0,0.23076921301775286,1.1538460650887643,HC,092-2,092
59,10,3.9491525423728815,5.9,0.6101694915254238,0.72,0,0.0,0,0.2222222098765439,0.8888888395061756,HC,092-3,092
97,27,4.154639175257732,3.5925925925925926,0.5773195876288659,0.7647058823529412,0,0.0,0,0.3333333209876548,0.9629629272976693,HC,093-0,093
77,11,3.8051948051948052,7.0,0.5974025974025974,0.78125,0,0.0,0,0.333333319444445,0.5416666440972231,HC,093-1,093
141,22,3.851063829787234,6.409090909090909,0.5602836879432624,0.8199404761904763,0,0.0,0,0.5172413614744358,1.4137930546967912,HC,096-1,096
113,20,3.8761061946902653,5.65,0.5663716814159292,0.7051587301587301,0,0.0,0,0.22580644432882438,0.7096773964620194,HC,096-2,096
163,14,3.852760736196319,11.642857142857142,0.4785276073619632,0.7507462686567163,0,0.0,0,0.4722222091049387,0.9166666412037044,HC,105-0,105
98,16,4.224489795918367,6.125,0.6326530612244898,0.7710144927536232,0,0.0,0,0.3461538328402372,0.9230768875739658,HC,105-1,105
180,22,3.761111111111111,8.181818181818182,0.5111111111111111,0.790066225165563,0,0.0,0,0.7499999765625008,1.3124999589843764,HC,105-2,105
82,15,3.975609756097561,5.466666666666667,0.6707317073170732,0.8018867924528302,0,0.0,0,0.333333319444445,0.9166666284722238,HC,107-1,107
46,9,4.021739130434782,5.111111111111111,0.6739130434782609,0.7117647058823529,0,0.0,0,0.19999998666666757,0.7333332844444478,HC,107-2,107
120,23,3.775,5.217391304347826,0.575,0.8135531135531137,0,0.0,0,0.2727272644628102,0.7575757346189171,HC,109-1,109
121,14,3.809917355371901,8.642857142857142,0.5702479338842975,0.7202898550724636,0,0.0,0,0.3225806347554634,0.9032257773152975,HC,109-3,109
99,21,4.02020202020202,4.714285714285714,0.5858585858585859,0.7714285714285715,0,0.0,0,0.4399999824000007,1.2399999504000019,HC,109-4,109
72,15,4.097222222222222,4.8,0.7222222222222222,0.7806201550387598,0,0.0,0,0.3333333148148158,1.1666666018518554,HC,113-0,113
81,16,4.08641975308642,5.0625,0.654320987654321,0.7935897435897433,0,0.0,0,0.47368418559556913,1.2105262520775657,HC,113-1,113
115,20,3.982608695652174,5.75,0.6260869565217392,0.8100775193798445,0,0.0,0,0.3939393820018369,0.9090908815427007,HC,113-2,113
82,12,3.8292682926829267,6.833333333333333,0.6341463414634146,0.7477987421383646,0,0.0,0,0.21052630470914185,1.0526315235457093,HC,113-3,113
105,18,3.7714285714285714,5.833333333333333,0.6285714285714286,0.8280701754385965,0,0.0,0,0.4285714081632663,1.3809523151927467,HC,114-0,114
78,12,3.871794871794872,6.5,0.6666666666666666,0.7666666666666666,0,0.0,0,0.29999998500000075,0.8499999575000021,HC,114-1,114
58,15,4.086206896551724,3.8666666666666667,0.7068965517241379,0.7804597701149425,0,0.0,0,0.18749998828125072,0.8124999492187531,HC,114-2,114
65,9,3.8,7.222222222222222,0.7538461538461538,0.8296296296296296,0,0.0,0,0.8999999100000091,1.899999810000019,HC,114-3,114
76,15,3.8026315789473686,5.066666666666666,0.7236842105263158,0.8127659574468085,0,0.0,0,0.6470587854671302,1.411764622837375,HC,114-4,114
71,10,3.9014084507042255,7.1,0.6338028169014085,0.7007936507936507,0,0.0,0,0.1999999900000005,0.6499999675000016,HC,118-0,118
111,12,3.90990990990991,9.25,0.6396396396396397,0.7426829268292684,0,0.0,0,0.39130433081285515,1.0869564744801532,HC,118-1,118
54,13,4.055555555555555,4.153846153846154,0.5925925925925926,0.6439999999999999,0,0.0,0,0.05882352595155729,0.7647058373702448,HC,118-2,118
107,13,3.8411214953271027,8.23076923076923,0.5233644859813084,0.726923076923077,0,0.0,0,0.4799999808000007,1.199999952000002,HC,118-3,118
118,11,3.8728813559322033,10.727272727272727,0.6440677966101694,0.787640449438202,0,0.0,0,0.35999998560000057,1.0799999568000016,HC,118-4,118
277,26,3.7509025270758123,10.653846153846153,0.44765342960288806,0.7877688172043011,0,0.0,0,0.5468749914550782,0.8593749865722659,HC,121-0,121
154,26,4.064935064935065,5.923076923076923,0.5,0.7381333333333333,0,0.0,0,0.2608695595463139,0.7608695486767489,HC,121-1,121
205,25,3.7512195121951217,8.2,0.4682926829268293,0.7964015151515152,0,0.0,0,0.4999999895833336,0.9374999804687505,HC,121-2,121
192,22,3.875,8.727272727272727,0.53125,0.8004089979550102,0,0.0,0,0.5652173790170135,0.9565217183364845,HC,121-3,121
206,23,3.825242718446602,8.956521739130435,0.49514563106796117,0.8107344632768362,0,0.0,1,0.5106382870076961,0.9361701928474427,HC,121-4,121
99,18,3.919191919191919,5.5,0.5252525252525253,0.6661904761904761,0,0.0,0,0.1923076849112429,1.0769230355029602,HC,124-0,124
130,24,4.123076923076923,5.416666666666667,0.5846153846153846,0.7957095709570958,0,0.0,0,0.05882352825836219,0.3529411695501732,HC,124-1,124
232,25,3.939655172413793,9.28,0.47413793103448276,0.7852216748768471,0,0.0,0,0.4599999908000002,0.9399999812000004,HC,128-1,128
369,36,3.915989159891599,10.25,0.45257452574525747,0.8106862745098039,0,0.0,0,0.4302325531368308,0.9651162678474853,HC,128-2,128
488,45,3.9754098360655736,10.844444444444445,0.42213114754098363,0.8016702977487292,0,0.0,0,0.39090908735537194,0.9272727188429754,HC,128-3,128
58,6,3.8793103448275863,9.666666666666666,0.6724137931034483,0.7321839080459772,0,0.0,0,0.055555552469135974,0.6666666296296316,HC,129-1,129
44,7,4.068181818181818,6.285714285714286,0.7045454545454546,0.7400000000000002,0,0.0,0,0.2727272479338866,0.8181817438016598,HC,130-1,130
51,10,4.098039215686274,5.1,0.7450980392156863,0.7363636363636362,0,0.0,0,0.23529410380622917,0.4117646816609011,HC,130-2,130
80,7,4.0125,11.428571428571429,0.6875,0.8052287581699347,0,0.0,0,0.38095236281179223,0.8095237709750585,HC,130-3,130
97,17,4.123711340206185,5.705882352941177,0.6082474226804123,0.7470588235294118,0,0.0,0,0.21428570663265334,0.7499999732142867,HC,132-0,132
82,16,4.2439024390243905,5.125,0.7317073170731707,0.7968553459119498,0,0.0,0,0.49999997222222375,1.5555554691358071,HC,132-1,132
163,27,4.0,6.037037037037037,0.588957055214724,0.8099502487562189,0,0.0,0,0.3902438929208807,0.9268292456870916,HC,137-0,137
93,15,4.010752688172043,6.2,0.6236559139784946,0.7593749999999999,0,0.0,0,0.2916666545138894,0.9583332934027794,HC,137-1,137
75,9,3.7866666666666666,8.333333333333334,0.6,0.7644927536231884,0,0.0,0,0.6470587854671302,1.3529410968858178,HC,137-2,137
137,15,4.116788321167883,9.133333333333333,0.6204379562043796,0.8466049382716052,0,0.0,0,0.4666666511111116,1.1333332955555568,HC,137-3,137
133,18,3.7593984962406015,7.388888888888889,0.556390977443609,0.7586538461538462,0,0.0,0,0.2702702629656686,0.5135134996347703,HC,138-1,138
132,13,3.946969696969697,10.153846153846153,0.5227272727272727,0.7330097087378642,0,0.0,0,0.29032257127991706,0.9677419042663902,HC,138-3,138
119,18,3.9159663865546217,6.611111111111111,0.5546218487394958,0.7985185185185186,0,0.0,0,0.5384615177514801,1.3076922573964516,HC,139-0,139
52,11,4.0,4.7272727272727275,0.75,0.7942028985507249,0,0.0,0,0.4615384260355057,1.3076922071005996,HC,139-1,139
43,6,4.116279069767442,7.166666666666667,0.6744186046511628,0.7095238095238094,0,0.0,0,0.19999998000000202,1.199999880000012,HC,139-3,139
167,24,4.047904191616767,6.958333333333333,0.5988023952095808,0.8379227053140097,0,0.0,0,0.5384615246548328,1.0769230493096655,HC,140-0,140
69,12,4.492753623188406,5.75,0.6666666666666666,0.77,0,0.0,0,0.5624999648437522,1.2499999218750049,HC,140-3,140
79,14,3.949367088607595,5.642857142857143,0.620253164556962,0.7313333333333333,0,0.0,0,0.3333333148148158,1.2222221543209915,HC,141-0,141
63,8,4.015873015873016,7.875,0.6190476190476191,0.7392156862745098,0,0.0,0,0.3124999804687512,1.0624999335937542,HC,141-1,141
98,11,4.091836734693878,8.909090909090908,0.6428571428571429,0.803864734299517,0,0.0,0,0.32142855994898,1.035714248724491,HC,141-2,141
115,24,4.0,4.791666666666667,0.6,0.7875968992248062,0,0.0,0,0.6923076656804744,1.2307691834319545,HC,141-3,141
118,16,3.8983050847457625,7.375,0.559322033898305,0.7554307116104869,0,0.0,0,0.4999999833333339,0.8333333055555564,HC,142-0,142
75,14,3.933333333333333,5.357142857142857,0.6266666666666667,0.7666666666666668,0,0.0,0,0.31578945706371275,0.9473683711911383,HC,142-1,142
77,14,4.012987012987013,5.5,0.6753246753246753,0.7965277777777778,0,0.0,0,0.2916666545138894,0.7499999687500013,HC,142-3,142
73,9,4.178082191780822,8.11111111111111,0.6986301369863014,0.7621212121212121,0,0.0,0,0.31578945706371275,0.9473683711911383,HC,143-3,143
51,19,4.666666666666667,2.6842105263157894,0.8431372549019608,0.8712121212121212,0,0.0,0,0.3333333111111126,1.2666665822222278,HC,145-1,145
192,20,4.104166666666667,9.6,0.5104166666666666,0.7914110429447851,0,0.0,0,0.4318181720041325,1.1590908827479345,HC,145-3,145
118,19,4.203389830508475,6.2105263157894735,0.576271186440678,0.7385767790262172,0,0.0,0,0.26315788781163457,0.4473684092797787,HC,146-1,146
99,16,3.9494949494949494,6.1875,0.5858585858585859,0.7466666666666667,0,0.0,0,0.4782608487712674,1.1739129924385654,HC,150-0,150
122,16,4.008196721311475,7.625,0.5737704918032787,0.7856630824372758,0,0.0,0,0.3103448168846615,1.1724137526753877,HC,150-1,150
161,20,3.8944099378881987,8.05,0.515527950310559,0.7934343434343435,0,0.0,0,0.6363636170798904,1.2121211753902674,HC,150-2,150
67,10,3.9402985074626864,6.7,0.6119402985074627,0.7307017543859647,0,0.0,0,0.09999999500000024,0.799999960000002,HC,155-0,155
121,21,3.950413223140496,5.761904761904762,0.5702479338842975,0.7307971014492752,0,0.0,0,0.32142855994898,1.1785713864795933,HC,155-2,155
76,9,3.9342105263157894,8.444444444444445,0.631578947368421,0.7702127659574467,0,0.0,0,0.2499999875000006,0.8499999575000021,HC,155-3,155
165,19,3.757575757575758,8.68421052631579,0.5454545454545454,0.7710784313725491,0,0.0,1,0.4374999863281255,1.2499999609375012,HC,158-0,158
103,22,4.41747572815534,4.681818181818182,0.6407766990291263,0.7828828828828829,0,0.0,0,0.15999999360000025,1.359999945600002,HC,158-1,158
78,16,4.102564102564102,4.875,0.6538461538461539,0.8204081632653061,0,0.0,0,0.2499999875000006,1.0999999450000026,HC,158-2,158
78,13,3.8974358974358974,6.0,0.5641025641025641,0.6700680272108844,0,0.0,0,0.09523809070294806,0.8095237709750585,HC,158-3,158
52,8,4.0,6.5,0.7307692307692307,0.8347826086956521,0,0.0,0,0.3076922840236705,1.230769136094682,HC,166-0,166
158,20,3.8860759493670884,7.9,0.5949367088607594,0.8178294573643411,0,0.0,0,0.484848470156107,1.3636363223140509,HC,166-1,166
99,15,3.757575757575758,6.6,0.5656565656565656,0.7819047619047619,0,0.0,0,0.36363634710743875,1.454545388429755,HC,166-2,166
98,11,3.86734693877551,8.909090909090908,0.6938775510204082,0.819806763285024,0,0.0,0,0.41666664930555625,0.999999958333335,HC,167-1,167
78,13,4.435897435897436,6.0,0.6923076923076923,0.7387755102040817,0,0.0,0,0.38095236281179223,1.0952380430839026,HC,167-2,167
214,23,3.7242990654205608,9.304347826086957,0.5093457943925234,0.7913513513513515,0,0.0,0,0.39583332508680574,0.9791666462673616,HC,167-3,167
59,10,3.9491525423728815,5.9,0.711864406779661,0.7733333333333332,0,0.0,0,0.39999997333333515,1.2666665822222278,HC,171-0,171
54,9,3.925925925925926,6.0,0.6666666666666666,0.6693333333333333,0,0.0,0,0.07142856632653098,1.0714284948979647,HC,171-1,171
151,18,4.046357615894039,8.38888888888889,0.5695364238410596,0.8387978142076502,0,0.0,0,0.484848470156107,1.3939393516988077,HC,172-0,172
178,25,3.9831460674157304,7.12,0.5,0.7176733780760627,0,0.0,0,0.2199999956000001,0.7599999848000003,HC,175-0,175
167,16,3.856287425149701,10.4375,0.5449101796407185,0.8103864734299517,0,0.0,0,0.41025639973701544,0.8717948494411578,HC,175-1,175
146,23,3.8013698630136985,6.3478260869565215,0.541095890410959,0.8008547008547008,0,0.0,0,0.4999999852941181,1.117647025951558,HC,175-2,175
78,11,3.769230769230769,7.090909090909091,0.6923076923076923,0.8360544217687074,0,0.0,0,0.3333333111111126,1.399999906666673,HC,175-3,175
86,12,4.290697674418604,7.166666666666667,0.7093023255813954,0.8011695906432749,0,0.0,0,0.30769229585798863,0.7307692026627229,HC,182-3,182
57,9,4.175438596491228,6.333333333333333,0.7368421052631579,0.8083333333333335,0,0.0,0,0.7142856632653098,0.9285713622449028,HC,192-0,192
155,17,4.025806451612903,9.117647058823529,0.5225806451612903,0.7383597883597881,0,0.0,0,0.44444443209876583,0.999999972222223,HC,192-2,192
121,15,3.958677685950413,8.066666666666666,0.6528925619834711,0.7996376811594199,0,0.0,0,0.3846153698224858,1.3076922573964516,HC,196-0,196
110,14,4.290909090909091,7.857142857142857,0.5909090909090909,0.7748971193415638,0,0.0,0,0.38095236281179223,1.761904678004539,HC,196-1,196
77,13,4.0,5.923076923076923,0.6363636363636364,0.7076388888888889,0,0.0,0,0.1666666574074079,1.1111110493827194,HC,208-0,208
83,8,3.4578313253012047,10.375,0.5542168674698795,0.7191358024691356,0,0.0,0,0.28571427210884415,0.9047618616780065,HC,208-1,208
115,16,3.791304347826087,7.1875,0.48695652173913045,0.6833333333333331,0,0.0,0,0.2333333255555558,0.8666666377777787,HC,208-2,208
93,12,4.053763440860215,7.75,0.6236559139784946,0.75625,0,0.0,0,0.39130433081285515,1.0434782155009472,HC,209-1,209
123,15,4.162601626016261,8.2,0.7073170731707317,0.8631205673758866,1,0.008130081300813009,0,0.8499999575000021,1.7499999125000043,HC,209-2,209
171,26,3.789473684210526,6.576923076923077,0.47953216374269003,0.8082159624413147,0,0.0,1,0.44186045484045455,1.0232557901568422,HC,209-3,209
186,25,3.9408602150537635,7.44,0.5752688172043011,0.8360934182590236,0,0.0,0,0.3137254840445984,0.9019607666282203,HC,210-1,210
201,24,4.079601990049751,8.375,0.5174129353233831,0.8056201550387597,0,0.0,0,0.5777777649382719,1.1111110864197538,HC,210-2,210
88,16,3.909090909090909,5.5,0.5795454545454546,0.7163841807909604,0,0.0,0,0.21739129489603065,1.2173912514177716,HC,211-1,211
92,13,4.010869565217392,7.076923076923077,0.6413043478260869,0.7597883597883598,0,0.0,0,0.27272726033057904,1.2272726714876059,HC,211-2,211
181,17,3.911602209944751,10.647058823529411,0.46408839779005523,0.7326754385964912,0,0.0,0,0.48780486615110086,1.170731678762642,HC,225-0,225
142,17,3.76056338028169,8.352941176470589,0.5422535211267606,0.7825958702064898,0,0.0,0,0.34374998925781286,1.1249999648437512,HC,225-2,225
98,26,3.9693877551020407,3.769230769230769,0.5102040816326531,0.6980676328502415,0,0.0,0,0.3043478128544429,1.2173912514177716,HC,227-0,227
159,25,4.220125786163522,6.36,0.5786163522012578,0.833076923076923,1,0.006289308176100629,0,0.428571416326531,1.285714248979593,HC,227-1,227
63,9,4.095238095238095,7.0,0.7936507936507936,0.8745098039215686,0,0.0,0,0.26315788088642733,0.9473683711911383,HC,229-1,229
62,8,4.096774193548387,7.75,0.7903225806451613,0.8787878787878789,0,0.0,0,0.27777776234567986,0.9999999444444475,HC,229-2,229
145,22,3.8620689655172415,6.590909090909091,0.5379310344827586,0.7695402298850574,0,0.0,0,0.5172413614744358,1.1724137526753877,HC,232-0,232
190,20,3.873684210526316,9.5,0.5,0.7215320910973084,0,0.0,0,0.31249999348958346,0.7708333172743059,HC,232-1,232
99,14,3.9494949494949494,7.071428571428571,0.6060606060606061,0.8100000000000003,0,0.0,0,0.5714285442176883,1.428571360544221,HC,242-0,242
174,22,3.8505747126436782,7.909090909090909,0.5114942528735632,0.7763218390804597,0,0.0,1,0.5405405259313372,1.1891891570489417,HC,242-1,242
198,27,3.8282828282828283,7.333333333333333,0.5050505050505051,0.8185404339250494,0,0.0,0,0.59523808106576,1.1428571156462592,HC,242-2,242
251,25,4.091633466135458,10.04,0.5617529880478087,0.8267267267267269,0,0.0,0,0.28985506826297003,0.7826086843100191,HC,243-0,243
158,19,4.044303797468355,8.31578947368421,0.5,0.6816537467700258,0,0.0,0,0.19999999555555567,0.7111110953086424,HC,243-1,243
115,10,3.608695652173913,11.5,0.5565217391304348,0.7360465116279068,0,0.0,0,0.3461538328402372,0.9615384245562144,HC,245-0,245
130,15,3.976923076923077,8.666666666666666,0.5615384615384615,0.7834983498349835,0,0.0,0,0.32352940224913523,0.9411764429065753,HC,245-1,245
138,18,3.949275362318841,7.666666666666667,0.5289855072463768,0.7669724770642201,0,0.0,0,0.46428569770408223,1.5357142308673488,HC,245-2,245
138,21,4.086956521739131,6.571428571428571,0.6376811594202898,0.8296636085626911,0,0.0,0,0.5172413614744358,1.1034482378121298,HC,248-0,248
149,14,3.9932885906040267,10.642857142857142,0.6040268456375839,0.8236111111111112,0,0.0,0,0.6296296063100145,1.518518462277094,HC,248-1,248
82,8,3.8902439024390243,10.25,0.6341463414634146,0.7805031446540879,0,0.0,0,0.35294115570934376,1.3529410968858178,HC,248-2,248
90,13,4.233333333333333,6.923076923076923,0.6444444444444445,0.8366120218579236,0,0.0,0,0.5789473379501401,1.1578946759002802,HC,255-0,255
58,5,3.706896551724138,11.6,0.7413793103448276,0.8517241379310346,0,0.0,0,0.5454544958677732,1.272727157024804,HC,255-1,255
84,18,4.130952380952381,4.666666666666667,0.6666666666666666,0.8187878787878788,0,0.0,0,0.4499999775000011,1.149999942500003,HC,256-0,256
49,10,3.7755102040816326,4.9,0.7551020408163265,0.8583333333333334,0,0.0,0,0.8749998906250137,1.9999997500000315,HC,256-1,256
175,24,3.862857142857143,7.291666666666667,0.5428571428571428,0.7493150684931508,0,0.0,0,0.37254901230296056,0.7058823391003464,HC,256-2,256
84,11,4.154761904761905,7.636363636363637,0.7023809523809523,0.8206060606060609,0,0.0,0,0.399999980000001,1.0999999450000026,HC,266-0,266
57,15,4.12280701754386,3.8,0.7017543859649122,0.7761904761904761,0,0.0,0,0.19999998666666757,0.8666666088888928,HC,266-1,266
171,24,3.9064327485380117,7.125,0.4678362573099415,0.7913145539906102,0,0.0,0,0.468749985351563,1.531249952148439,HC,266-2,266
129,8,3.89922480620155,16.125,0.5038759689922481,0.7443333333333336,0,0.0,0,0.3103448168846615,1.0689654803805007,HC,267-0,267
118,13,4.110169491525424,9.076923076923077,0.6016949152542372,0.8138576779026218,0,0.0,0,0.2424242350780535,0.878787852157944,HC,267-2,267
113,18,3.6371681415929205,6.277777777777778,0.5309734513274337,0.765079365079365,0,0.0,0,0.4799999808000007,1.3199999472000021,HC,274-0,274
74,10,3.7162162162162162,7.4,0.6621621621621622,0.8088888888888887,0,0.0,0,0.5714285306122479,1.5714284591836816,HC,274-1,274
91,8,4.153846153846154,11.375,0.6593406593406593,0.761290322580645,0,0.0,0,0.14999999250000037,0.9499999525000024,HC,274-2,274
152,19,3.5526315789473686,8.0,0.47368421052631576,0.7436314363143632,0,0.0,0,0.5937499814453131,1.3749999570312514,HC,275-0,275
104,13,3.875,8.0,0.6538461538461539,0.8013333333333335,0,0.0,0,0.7499999625000018,1.3499999325000034,HC,275-1,275
135,23,3.8222222222222224,5.869565217391305,0.4962962962962963,0.7663522012578616,0,0.0,0,0.36363635261708027,1.1515151166207542,HC,280-0,280
52,9,4.096153846153846,5.777777777777778,0.6923076923076923,0.782608695652174,0,0.0,0,0.2499999791666684,1.083333243055563,HC,280-1,280
104,15,4.1826923076923075,6.933333333333334,0.5769230769230769,0.7453333333333333,0,0.0,0,0.39999998400000064,1.1599999536000019,HC,280-2,280
87,15,3.942528735632184,5.8,0.5287356321839081,0.689080459770115,0,0.0,0,0.23999999040000036,0.9599999616000015,HC,292-1,292
60,13,3.95,4.615384615384615,0.7166666666666667,0.8344086021505376,0,0.0,0,0.37499997656250145,0.9999999375000038,HC,295-0,295
51,6,4.0588235294117645,8.5,0.7647058823529411,0.7742424242424243,0,0.0,0,0.12499999218750048,0.7499999531250029,HC,295-1,295
107,8,3.878504672897196,13.375,0.5700934579439252,0.7576923076923074,0,0.0,0,0.34782607183364905,1.2173912514177716,HC,296-0,296
178,18,3.859550561797753,9.88888888888889,0.5168539325842697,0.7758389261744966,0,0.0,0,0.14814814540466398,0.685185172496571,HC,296-1,296
148,19,3.8783783783783785,7.7894736842105265,0.5337837837837838,0.7394957983193273,0,0.0,0,0.20454544989669432,0.7272727107438021,HC,296-2,296
69,9,4.101449275362318,7.666666666666667,0.6956521739130435,0.7775000000000001,0,0.0,0,0.2499999875000006,0.799999960000002,HC,297-1,297
81,14,4.074074074074074,5.785714285714286,0.7037037037037037,0.8044871794871795,0,0.0,0,0.333333319444445,0.7499999687500013,HC,297-2,297
122,14,3.942622950819672,8.714285714285714,0.5327868852459017,0.7853046594982077,0,0.0,0,0.5199999792000009,1.4399999424000023,HC,298-1,298
103,15,3.9223300970873787,6.866666666666666,0.6893203883495146,0.854054054054054,0,0.0,0,0.5384615177514801,0.9999999615384629,HC,299-1,299
48,11,4.416666666666667,4.363636363636363,0.875,0.8666666666666668,0,0.0,0,0.2857142653061239,0.6428570969387788,HC,302-0,302
41,6,3.8048780487804876,6.833333333333333,0.7560975609756098,0.7888888888888891,0,0.0,0,0.16666665277777895,0.8333332638888947,HC,304-1,304
108,13,4.018518518518518,8.307692307692308,0.6111111111111112,0.7962025316455696,0,0.0,0,0.5454545206611581,1.499999931818185,HC,304-2,304
116,13,3.913793103448276,8.923076923076923,0.5689655172413793,0.7865900383141763,0,0.0,0,0.34782607183364905,1.4782608052930084,HC,318-0,318
100,10,3.9,10.0,0.63,0.8061032863849765,0,0.0,0,0.34999998250000086,1.249999937500003,HC,318-1,318
74,10,3.9324324324324325,7.4,0.7027027027027027,0.7792592592592593,0,0.0,0,0.5384614970414233,1.7692306331361052,HC,318-2,318
108,12,4.074074074074074,9.0,0.6388888888888888,0.8232067510548523,0,0.0,0,0.2916666545138894,1.2916666128472245,HC,322-1,322
73,10,4.164383561643835,7.3,0.7397260273972602,0.7969696969696969,0,0.0,0,0.37499997656250145,1.312499917968755,HC,322-2,322
132,24,4.083333333333333,5.5,0.5454545454545454,0.6948220064724917,0,0.0,0,0.12820512491781733,0.6410256245890866,HC,323-0,323
151,17,3.8940397350993377,8.882352941176471,0.5033112582781457,0.7273224043715845,0,0.0,0,0.19512194646044034,0.7317072992266512,HC,323-1,323
103,16,3.8155339805825244,6.4375,0.5436893203883495,0.8171171171171171,0,0.0,0,0.41379308917954866,0.689655148632581,HC,332-0,332
141,17,3.9858156028368796,8.294117647058824,0.574468085106383,0.8214285714285717,0,0.0,0,0.8571428265306134,1.1785713864795933,HC,336-1,336
127,15,4.070866141732283,8.466666666666667,0.6141732283464567,0.8408163265306124,0,0.0,0,0.2571428497959186,0.885714260408164,HC,340-0,340
130,16,4.030769230769231,8.125,0.5307692307692308,0.7514851485148514,0,0.0,0,0.3928571288265311,1.2499999553571444,HC,612-0,612
96,16,4.125,6.0,0.65625,0.8144278606965173,0,0.0,0,0.47368418559556913,1.6842104376731348,HC,627-0,627
55,10,3.981818181818182,5.5,0.6909090909090909,0.75,0,0.0,0,0.21428569897959293,0.9999999285714337,HC,631-0,631
118,16,4.093220338983051,7.375,0.6101694915254238,0.7880149812734082,0,0.0,0,0.4399999824000007,1.359999945600002,HC,661-0,661
112,18,3.9910714285714284,6.222222222222222,0.5357142857142857,0.7566265060240965,0,0.0,0,0.5185184993141296,1.1111110699588491,HC,668-0,668
123,14,3.991869918699187,8.785714285714286,0.6016260162601627,0.8510638297872337,0,0.0,0,0.5151514995408637,0.6666666464646471,HC,678-0,678
166,24,3.9578313253012047,6.916666666666667,0.5180722891566265,0.7603406326034063,0,0.0,0,0.48837208166576557,1.1162790438074641,HC,684-0,684
188,14,3.8882978723404253,13.428571428571429,0.4787234042553192,0.7385744234800838,0,0.0,0,0.3095238021541952,0.9047618832199552,HC,686-0,686
106,14,4.037735849056604,7.571428571428571,0.6698113207547169,0.7883116883116883,0,0.0,0,0.5499999725000013,1.599999920000004,HC,688-0,688
172,22,3.86046511627907,7.818181818181818,0.5523255813953488,0.8062937062937063,0,0.0,0,0.4888888780246916,0.6666666518518523,HC,691-0,691
95,14,3.9789473684210526,6.785714285714286,0.631578947368421,0.7747474747474749,0,0.0,0,0.5789473379501401,1.473684132963993,HC,709-0,709
121,16,3.6115702479338845,7.5625,0.5702479338842975,0.782608695652174,0,0.0,0,0.4074073923182447,1.2962962482853242,HC,709-2,709
