feature,accuracy_without,degradation,pct_impact
txt_verb_noun_ratio,0.8962264150943396,0.018867924528301883,2.0618556701030926
txt_mattr,0.8962264150943396,0.018867924528301883,2.0618556701030926
txt_avg_sent_len,0.8962264150943396,0.018867924528301883,2.0618556701030926
txt_filler_count,0.9056603773584906,0.009433962264150941,1.0309278350515463
txt_avg_word_len,0.9150943396226415,0.0,0.0
txt_n_words,0.9150943396226415,0.0,0.0
txt_n_sentences,0.9150943396226415,0.0,0.0
txt_pronoun_noun_ratio,0.9150943396226415,0.0,0.0
txt_filler_rate,0.9150943396226415,0.0,0.0
txt_ttr,0.9245283018867925,-0.009433962264150941,-1.0309278350515463
txt_repetition_count,0.9245283018867925,-0.009433962264150941,-1.0309278350515463
